{
  "IcoMoonType": "selection",
  "icons": [
    {
      "icon": {
        "paths": [
          "M887.757 220.518c0-58.88-88.678-65.382-88.678-65.382l-208.333-13.107c0 0-4.454-56.678-46.541-76.39-42.086-19.61-88.371-13.619-121.651-13.312-33.28 0.358-41.114 42.752-41.114 82.79 0 39.987 0.717 86.221 0.717 115.2 0 52.122-22.886 74.189-80.179 74.189h-118.118c-33.024-2.099-58.726 3.277-58.726 30.003 0 26.778 38.861 254.618 92.211 307.2 30.976 30.515 220.416 51.917 260.301 51.917s26.573-117.811 37.683-117.811c11.11 0 23.245 66.509 86.118 82.074 62.771 15.718 146.637 12.8 151.091 57.498 5.786 58.982 11.11 135.27-27.699 140.698l-87.859 3.482c-60.211-4.301-44.032-70.093-17.459-70.093s39.885-0.973 39.885-0.973l3.328-71.987c0 0-137.882-16.282-143.718 76.698-5.376 84.992 9.216 125.082 19.917 133.786 10.701 8.806 29.235 25.805 198.093 25.805 237.926 0 150.733-693.402 150.733-752.282zM790.528 528.384c-9.318 10.035-43.11-16.384-75.366-16.384-32.307 0-67.123 17.101-75.315 5.786-8.192-11.213 7.475-101.888 68.301-101.888s91.802 102.605 82.381 112.486z",
          "M297.165 213.299c0-11.725 2.97-152.781 2.97-152.781l-179.456 176.128c0 0 124.006 0 148.378 0 24.371-0.051 28.109-11.725 28.109-23.347z"
        ],
        "attrs": [
          {},
          {}
        ],
        "isMulticolor": false,
        "isMulticolor2": false,
        "tags": [
          "evernote"
        ],
        "grid": 20
      },
      "attrs": [
        {},
        {}
      ],
      "properties": {
        "order": 1,
        "id": 0,
        "name": "evernote",
        "prevSize": 20,
        "code": 59648
      },
      "setIdx": 0,
      "setId": 3,
      "iconIdx": 0
    },
    {
      "icon": {
        "paths": [
          "M632.571 501.143l-424 424c-14.286 14.286-37.143 14.286-51.429 0l-94.857-94.857c-14.286-14.286-14.286-37.143 0-51.429l303.429-303.429-303.429-303.429c-14.286-14.286-14.286-37.143 0-51.429l94.857-94.857c14.286-14.286 37.143-14.286 51.429 0l424 424c14.286 14.286 14.286 37.143 0 51.429z"
        ],
        "attrs": [
          {}
        ],
        "width": 695,
        "isMulticolor": false,
        "isMulticolor2": false,
        "tags": [
          "chevron-right"
        ],
        "grid": 14
      },
      "attrs": [
        {}
      ],
      "properties": {
        "order": 8,
        "id": 0,
        "name": "chevron-right",
        "prevSize": 28,
        "code": 59649
      },
      "setIdx": 1,
      "setId": 2,
      "iconIdx": 0
    },
    {
      "icon": {
        "width": 1280,
        "paths": [
          "M1232 0h-384c-26.4 0-63.274 15.274-81.942 33.942l-476.116 476.116c-18.668 18.668-18.668 49.214 0 67.882l412.118 412.118c18.668 18.668 49.214 18.668 67.882 0l476.118-476.118c18.666-18.666 33.94-55.54 33.94-81.94v-384c0-26.4-21.6-48-48-48zM992 384c-53.020 0-96-42.98-96-96s42.98-96 96-96 96 42.98 96 96-42.98 96-96 96z",
          "M128 544l544-544h-80c-26.4 0-63.274 15.274-81.942 33.942l-476.116 476.116c-18.668 18.668-18.668 49.214 0 67.882l412.118 412.118c18.668 18.668 49.214 18.668 67.882 0l30.058-30.058-416-416z"
        ],
        "tags": [
          "price-tags"
        ],
        "defaultCode": 59702,
        "grid": 16,
        "attrs": []
      },
      "attrs": [],
      "properties": {
        "ligatures": "price-tags",
        "name": "price-tags",
        "order": 15,
        "id": 55,
        "prevSize": 32,
        "code": 59702
      },
      "setIdx": 2,
      "setId": 1,
      "iconIdx": 54
    },
    {
      "icon": {
        "paths": [
          "M928 128h-832c-52.8 0-96 43.2-96 96v640c0 52.8 43.2 96 96 96h832c52.8 0 96-43.2 96-96v-640c0-52.8-43.2-96-96-96zM398.74 550.372l-270.74 210.892v-501.642l270.74 290.75zM176.38 256h671.24l-335.62 252-335.62-252zM409.288 561.698l102.712 110.302 102.71-110.302 210.554 270.302h-626.528l210.552-270.302zM625.26 550.372l270.74-290.75v501.642l-270.74-210.892z"
        ],
        "tags": [
          "envelop",
          "mail",
          "email",
          "contact",
          "letter"
        ],
        "defaultCode": 59717,
        "grid": 16,
        "attrs": []
      },
      "attrs": [],
      "properties": {
        "ligatures": "envelop, mail",
        "name": "envelop",
        "order": 16,
        "id": 70,
        "prevSize": 32,
        "code": 59717
      },
      "setIdx": 2,
      "setId": 1,
      "iconIdx": 69
    },
    {
      "icon": {
        "paths": [
          "M658.744 749.256l-210.744-210.746v-282.51h128v229.49l173.256 173.254zM512 0c-282.77 0-512 229.23-512 512s229.23 512 512 512 512-229.23 512-512-229.23-512-512-512zM512 896c-212.078 0-384-171.922-384-384s171.922-384 384-384c212.078 0 384 171.922 384 384s-171.922 384-384 384z"
        ],
        "tags": [
          "clock",
          "time",
          "schedule"
        ],
        "defaultCode": 59726,
        "grid": 16,
        "attrs": []
      },
      "attrs": [],
      "properties": {
        "ligatures": "clock, time2",
        "name": "clock",
        "order": 11,
        "id": 79,
        "prevSize": 32,
        "code": 59726
      },
      "setIdx": 2,
      "setId": 1,
      "iconIdx": 78
    },
    {
      "icon": {
        "paths": [
          "M512 64c282.77 0 512 186.25 512 416 0 229.752-229.23 416-512 416-27.156 0-53.81-1.734-79.824-5.044-109.978 109.978-241.25 129.7-368.176 132.596v-26.916c68.536-33.578 128-94.74 128-164.636 0-9.754-0.758-19.33-2.164-28.696-115.796-76.264-189.836-192.754-189.836-323.304 0-229.75 229.23-416 512-416z"
        ],
        "tags": [
          "bubble",
          "comment",
          "chat",
          "talk"
        ],
        "defaultCode": 59755,
        "grid": 16,
        "attrs": []
      },
      "attrs": [],
      "properties": {
        "ligatures": "bubble, comment",
        "name": "bubble",
        "order": 13,
        "id": 108,
        "prevSize": 32,
        "code": 59755
      },
      "setIdx": 2,
      "setId": 1,
      "iconIdx": 107
    },
    {
      "icon": {
        "paths": [
          "M225 448c123.712 0 224 100.29 224 224 0 123.712-100.288 224-224 224s-224-100.288-224-224l-1-32c0-247.424 200.576-448 448-448v128c-85.474 0-165.834 33.286-226.274 93.726-11.634 11.636-22.252 24.016-31.83 37.020 11.438-1.8 23.16-2.746 35.104-2.746zM801 448c123.71 0 224 100.29 224 224 0 123.712-100.29 224-224 224s-224-100.288-224-224l-1-32c0-247.424 200.576-448 448-448v128c-85.474 0-165.834 33.286-226.274 93.726-11.636 11.636-22.254 24.016-31.832 37.020 11.44-1.8 23.16-2.746 35.106-2.746z"
        ],
        "tags": [
          "quotes-left",
          "ldquo"
        ],
        "defaultCode": 59767,
        "grid": 16,
        "attrs": []
      },
      "attrs": [],
      "properties": {
        "ligatures": "quotes-left, ldquo",
        "name": "quotes-left",
        "order": 2,
        "id": 120,
        "prevSize": 32,
        "code": 59767
      },
      "setIdx": 2,
      "setId": 1,
      "iconIdx": 119
    },
    {
      "icon": {
        "paths": [
          "M992.262 871.396l-242.552-206.294c-25.074-22.566-51.89-32.926-73.552-31.926 57.256-67.068 91.842-154.078 91.842-249.176 0-212.078-171.922-384-384-384-212.076 0-384 171.922-384 384s171.922 384 384 384c95.098 0 182.108-34.586 249.176-91.844-1 21.662 9.36 48.478 31.926 73.552l206.294 242.552c35.322 39.246 93.022 42.554 128.22 7.356s31.892-92.898-7.354-128.22zM384 640c-141.384 0-256-114.616-256-256s114.616-256 256-256 256 114.616 256 256-114.614 256-256 256z"
        ],
        "tags": [
          "search",
          "magnifier",
          "magnifying-glass",
          "inspect",
          "find"
        ],
        "defaultCode": 59782,
        "grid": 16,
        "attrs": []
      },
      "attrs": [],
      "properties": {
        "ligatures": "search, magnifier",
        "name": "search",
        "order": 12,
        "id": 135,
        "prevSize": 32,
        "code": 59782
      },
      "setIdx": 2,
      "setId": 1,
      "iconIdx": 134
    },
    {
      "icon": {
        "paths": [
          "M1024 0v416l-160-160-192 192-96-96 192-192-160-160zM448 672l-192 192 160 160h-416v-416l160 160 192-192z"
        ],
        "tags": [
          "enlarge",
          "expand",
          "maximize",
          "fullscreen"
        ],
        "defaultCode": 59787,
        "grid": 16,
        "attrs": []
      },
      "attrs": [],
      "properties": {
        "ligatures": "enlarge2, expand2",
        "name": "enlarge2",
        "order": 25,
        "id": 140,
        "prevSize": 32,
        "code": 59787
      },
      "setIdx": 2,
      "setId": 1,
      "iconIdx": 139
    },
    {
      "icon": {
        "paths": [
          "M448 576v416l-160-160-192 192-96-96 192-192-160-160zM1024 96l-192 192 160 160h-416v-416l160 160 192-192z"
        ],
        "tags": [
          "shrink",
          "collapse",
          "minimize",
          "contract"
        ],
        "defaultCode": 59788,
        "grid": 16,
        "attrs": []
      },
      "attrs": [],
      "properties": {
        "ligatures": "shrink2, collapse2",
        "name": "shrink2",
        "order": 26,
        "id": 141,
        "prevSize": 32,
        "code": 59788
      },
      "setIdx": 2,
      "setId": 1,
      "iconIdx": 140
    },
    {
      "icon": {
        "paths": [
          "M0 0h256v256h-256zM384 64h640v128h-640zM0 384h256v256h-256zM384 448h640v128h-640zM0 768h256v256h-256zM384 832h640v128h-640z"
        ],
        "tags": [
          "list",
          "todo",
          "bullet",
          "menu",
          "options"
        ],
        "defaultCode": 59834,
        "grid": 16,
        "attrs": []
      },
      "attrs": [],
      "properties": {
        "ligatures": "list, todo",
        "name": "list",
        "order": 24,
        "id": 187,
        "prevSize": 32,
        "code": 59834
      },
      "setIdx": 2,
      "setId": 1,
      "iconIdx": 186
    },
    {
      "icon": {
        "paths": [
          "M512 92.2c136.8 0 153 0.6 206.8 3 50 2.2 77 10.6 95 17.6 23.8 9.2 41 20.4 58.8 38.2 18 18 29 35 38.4 58.8 7 18 15.4 45.2 17.6 95 2.4 54 3 70.2 3 206.8s-0.6 153-3 206.8c-2.2 50-10.6 77-17.6 95-9.2 23.8-20.4 41-38.2 58.8-18 18-35 29-58.8 38.4-18 7-45.2 15.4-95 17.6-54 2.4-70.2 3-206.8 3s-153-0.6-206.8-3c-50-2.2-77-10.6-95-17.6-23.8-9.2-41-20.4-58.8-38.2-18-18-29-35-38.4-58.8-7-18-15.4-45.2-17.6-95-2.4-54-3-70.2-3-206.8s0.6-153 3-206.8c2.2-50 10.6-77 17.6-95 9.2-23.8 20.4-41 38.2-58.8 18-18 35-29 58.8-38.4 18-7 45.2-15.4 95-17.6 53.8-2.4 70-3 206.8-3zM512 0c-139 0-156.4 0.6-211 3-54.4 2.4-91.8 11.2-124.2 23.8-33.8 13.2-62.4 30.6-90.8 59.2-28.6 28.4-46 57-59.2 90.6-12.6 32.6-21.4 69.8-23.8 124.2-2.4 54.8-3 72.2-3 211.2s0.6 156.4 3 211c2.4 54.4 11.2 91.8 23.8 124.2 13.2 33.8 30.6 62.4 59.2 90.8 28.4 28.4 57 46 90.6 59 32.6 12.6 69.8 21.4 124.2 23.8 54.6 2.4 72 3 211 3s156.4-0.6 211-3c54.4-2.4 91.8-11.2 124.2-23.8 33.6-13 62.2-30.6 90.6-59s46-57 59-90.6c12.6-32.6 21.4-69.8 23.8-124.2 2.4-54.6 3-72 3-211s-0.6-156.4-3-211c-2.4-54.4-11.2-91.8-23.8-124.2-12.6-34-30-62.6-58.6-91-28.4-28.4-57-46-90.6-59-32.6-12.6-69.8-21.4-124.2-23.8-54.8-2.6-72.2-3.2-211.2-3.2v0z",
          "M512 249c-145.2 0-263 117.8-263 263s117.8 263 263 263 263-117.8 263-263c0-145.2-117.8-263-263-263zM512 682.6c-94.2 0-170.6-76.4-170.6-170.6s76.4-170.6 170.6-170.6c94.2 0 170.6 76.4 170.6 170.6s-76.4 170.6-170.6 170.6z",
          "M846.8 238.6c0 33.91-27.49 61.4-61.4 61.4s-61.4-27.49-61.4-61.4c0-33.91 27.49-61.4 61.4-61.4s61.4 27.49 61.4 61.4z"
        ],
        "tags": [
          "instagram",
          "brand",
          "social"
        ],
        "defaultCode": 60050,
        "grid": 16,
        "attrs": []
      },
      "attrs": [],
      "properties": {
        "ligatures": "instagram, brand12",
        "name": "instagram",
        "order": 21,
        "id": 403,
        "prevSize": 32,
        "code": 60050
      },
      "setIdx": 2,
      "setId": 1,
      "iconIdx": 402
    },
    {
      "icon": {
        "paths": [
          "M1024 226.4c-37.6 16.8-78.2 28-120.6 33 43.4-26 76.6-67.2 92.4-116.2-40.6 24-85.6 41.6-133.4 51-38.4-40.8-93-66.2-153.4-66.2-116 0-210 94-210 210 0 16.4 1.8 32.4 5.4 47.8-174.6-8.8-329.4-92.4-433-219.6-18 31-28.4 67.2-28.4 105.6 0 72.8 37 137.2 93.4 174.8-34.4-1-66.8-10.6-95.2-26.2 0 0.8 0 1.8 0 2.6 0 101.8 72.4 186.8 168.6 206-17.6 4.8-36.2 7.4-55.4 7.4-13.6 0-26.6-1.4-39.6-3.8 26.8 83.4 104.4 144.2 196.2 146-72 56.4-162.4 90-261 90-17 0-33.6-1-50.2-3 93.2 59.8 203.6 94.4 322.2 94.4 386.4 0 597.8-320.2 597.8-597.8 0-9.2-0.2-18.2-0.6-27.2 41-29.4 76.6-66.4 104.8-108.6z"
        ],
        "tags": [
          "twitter",
          "brand",
          "tweet",
          "social"
        ],
        "defaultCode": 60054,
        "grid": 16,
        "attrs": []
      },
      "attrs": [],
      "properties": {
        "ligatures": "twitter, brand16",
        "name": "twitter",
        "order": 17,
        "id": 407,
        "prevSize": 32,
        "code": 60054
      },
      "setIdx": 2,
      "setId": 1,
      "iconIdx": 406
    },
    {
      "icon": {
        "paths": [
          "M430.2 898c-169.6 16.8-316-60-327-171.2-11-111.4 117.6-215 287-231.8 169.6-16.8 316 60 326.8 171.2 11.2 111.4-117.4 215.2-286.8 231.8zM769.2 528.6c-14.4-4.4-24.4-7.2-16.8-26.2 16.4-41.2 18-76.6 0.2-102-33.2-47.4-124.2-45-228.4-1.2 0 0-32.8 14.2-24.4-11.6 16-51.6 13.6-94.6-11.4-119.6-56.6-56.6-207 2.2-336 131.2-96.4 96.2-152.4 198.8-152.4 287.4 0 169.2 217.2 272.2 429.6 272.2 278.4 0 463.8-161.8 463.8-290.2 0-77.8-65.4-121.8-124.2-140z",
          "M954.2 218.6c-67.2-74.6-166.4-103-258-83.6v0c-21.2 4.6-34.6 25.4-30 46.4 4.6 21.2 25.2 34.6 46.4 30 65.2-13.8 135.6 6.4 183.4 59.4s60.8 125.2 40.2 188.4v0c-6.6 20.6 4.6 42.6 25.2 49.4 20.6 6.6 42.6-4.6 49.4-25.2v-0.2c28.8-88.4 10.6-190-56.6-264.6z",
          "M850.8 312c-32.8-36.4-81.2-50.2-125.6-40.6-18.2 3.8-29.8 22-26 40.2 4 18.2 22 29.8 40 25.8v0c21.8-4.6 45.4 2.2 61.4 19.8 16 17.8 20.4 42 13.4 63.2v0c-5.6 17.6 4 36.8 21.8 42.6 17.8 5.6 36.8-4 42.6-21.8 14-43.4 5.2-93-27.6-129.2z",
          "M439.6 696.6c-6 10.2-19 15-29.2 10.8-10.2-4-13.2-15.6-7.4-25.4 6-9.8 18.6-14.6 28.6-10.8 10 3.6 13.6 15 8 25.4zM385.4 765.8c-16.4 26.2-51.6 37.6-78 25.6-26-11.8-33.8-42.2-17.4-67.8 16.2-25.4 50.2-36.8 76.4-25.8 26.6 11.4 35.2 41.6 19 68zM447 580.6c-80.6-21-171.8 19.2-206.8 90.2-35.8 72.4-1.2 153 80.2 179.4 84.4 27.2 184-14.6 218.6-92.6 34.2-76.6-8.4-155.2-92-177z"
        ],
        "tags": [
          "sina-weibo",
          "brand",
          "social"
        ],
        "defaultCode": 60058,
        "grid": 16,
        "attrs": []
      },
      "attrs": [],
      "properties": {
        "name": "sina-weibo",
        "ligatures": "sina-weibo, brand20",
        "order": 10,
        "id": 411,
        "prevSize": 32,
        "code": 60058
      },
      "setIdx": 2,
      "setId": 1,
      "iconIdx": 410
    },
    {
      "icon": {
        "paths": [
          "M136.294 750.93c-75.196 0-136.292 61.334-136.292 136.076 0 75.154 61.1 135.802 136.292 135.802 75.466 0 136.494-60.648 136.494-135.802-0.002-74.742-61.024-136.076-136.494-136.076zM0.156 347.93v196.258c127.784 0 247.958 49.972 338.458 140.512 90.384 90.318 140.282 211.036 140.282 339.3h197.122c-0.002-372.82-303.282-676.070-675.862-676.070zM0.388 0v196.356c455.782 0 826.756 371.334 826.756 827.644h196.856c0-564.47-459.254-1024-1023.612-1024z"
        ],
        "tags": [
          "feed",
          "rss",
          "social"
        ],
        "defaultCode": 60059,
        "grid": 16,
        "attrs": []
      },
      "attrs": [],
      "properties": {
        "ligatures": "feed2, rss",
        "name": "rss",
        "order": 18,
        "id": 412,
        "prevSize": 32,
        "code": 60059
      },
      "setIdx": 2,
      "setId": 1,
      "iconIdx": 411
    },
    {
      "icon": {
        "paths": [
          "M736 32l-224 192 288 192 224-192z",
          "M512 224l-224-192-288 192 224 192z",
          "M800 416l224 192-288 160-224-192z",
          "M512 576l-288-160-224 192 288 160z",
          "M728.156 845.57l-216.156-185.278-216.158 185.278-135.842-75.468v93.898l352 160 352-160v-93.898z"
        ],
        "tags": [
          "dropbox",
          "brand"
        ],
        "defaultCode": 60078,
        "grid": 16,
        "attrs": []
      },
      "attrs": [],
      "properties": {
        "ligatures": "dropbox, brand38",
        "name": "dropbox",
        "order": 20,
        "id": 431,
        "prevSize": 32,
        "code": 60078
      },
      "setIdx": 2,
      "setId": 1,
      "iconIdx": 430
    },
    {
      "icon": {
        "paths": [
          "M512.008 12.642c-282.738 0-512.008 229.218-512.008 511.998 0 226.214 146.704 418.132 350.136 485.836 25.586 4.738 34.992-11.11 34.992-24.632 0-12.204-0.48-52.542-0.696-95.324-142.448 30.976-172.504-60.41-172.504-60.41-23.282-59.176-56.848-74.916-56.848-74.916-46.452-31.778 3.51-31.124 3.51-31.124 51.4 3.61 78.476 52.766 78.476 52.766 45.672 78.27 119.776 55.64 149.004 42.558 4.588-33.086 17.852-55.68 32.506-68.464-113.73-12.942-233.276-56.85-233.276-253.032 0-55.898 20.004-101.574 52.76-137.428-5.316-12.9-22.854-64.972 4.952-135.5 0 0 43.006-13.752 140.84 52.49 40.836-11.348 84.636-17.036 128.154-17.234 43.502 0.198 87.336 5.886 128.256 17.234 97.734-66.244 140.656-52.49 140.656-52.49 27.872 70.528 10.35 122.6 5.036 135.5 32.82 35.856 52.694 81.532 52.694 137.428 0 196.654-119.778 239.95-233.79 252.624 18.364 15.89 34.724 47.046 34.724 94.812 0 68.508-0.596 123.644-0.596 140.508 0 13.628 9.222 29.594 35.172 24.566 203.322-67.776 349.842-259.626 349.842-485.768 0-282.78-229.234-511.998-511.992-511.998z"
        ],
        "tags": [
          "github",
          "brand",
          "octacat",
          "social"
        ],
        "defaultCode": 60080,
        "grid": 16,
        "attrs": []
      },
      "attrs": [],
      "properties": {
        "ligatures": "github, brand40",
        "name": "github",
        "order": 19,
        "id": 433,
        "prevSize": 32,
        "code": 60080
      },
      "setIdx": 2,
      "setId": 1,
      "iconIdx": 432
    },
    {
      "icon": {
        "paths": [
          "M928 0h-832c-52.8 0-96 43.2-96 96v832c0 52.8 43.2 96 96 96h832c52.8 0 96-43.2 96-96v-832c0-52.8-43.2-96-96-96zM384 832h-128v-448h128v448zM320 320c-35.4 0-64-28.6-64-64s28.6-64 64-64c35.4 0 64 28.6 64 64s-28.6 64-64 64zM832 832h-128v-256c0-35.4-28.6-64-64-64s-64 28.6-64 64v256h-128v-448h128v79.4c26.4-36.2 66.8-79.4 112-79.4 79.6 0 144 71.6 144 160v288z"
        ],
        "tags": [
          "linkedin",
          "brand",
          "social"
        ],
        "defaultCode": 60105,
        "grid": 16,
        "attrs": []
      },
      "attrs": [],
      "properties": {
        "ligatures": "linkedin, brand64",
        "name": "linkedin",
        "order": 22,
        "id": 458,
        "prevSize": 32,
        "code": 60105
      },
      "setIdx": 2,
      "setId": 1,
      "iconIdx": 457
    },
    {
      "icon": {
        "paths": [
          "M1024 640v384h-1024v-384h128v256h768v-256zM192 704h640v128h-640zM207.152 565.466l27.698-124.964 624.832 138.496-27.698 124.964zM279.658 308.558l54.092-116.006 580.032 270.464-54.092 116.006zM991.722 361.476l-77.922 101.55-507.746-389.608 56.336-73.418h58.244z"
        ],
        "tags": [
          "stackoverflow",
          "brand",
          "social"
        ],
        "defaultCode": 60112,
        "grid": 16,
        "attrs": []
      },
      "attrs": [],
      "properties": {
        "ligatures": "stackoverflow, brand71",
        "name": "stackoverflow",
        "order": 23,
        "id": 465,
        "prevSize": 32,
        "code": 60112
      },
      "setIdx": 2,
      "setId": 1,
      "iconIdx": 464
    }
  ],
  "height": 1024,
  "metadata": {
    "name": "icomoon"
  },
  "preferences": {
    "showGlyphs": true,
    "showQuickUse": true,
    "showQuickUse2": true,
    "showSVGs": true,
    "fontPref": {
      "prefix": "icon-",
      "metadata": {
        "fontFamily": "icomoon"
      },
      "metrics": {
        "emSize": 1024,
        "baseline": 6.25,
        "whitespace": 50
      },
      "embed": false
    },
    "imagePref": {
      "prefix": "icon-",
      "png": true,
      "useClassSelector": true,
      "color": 0,
      "bgColor": 16777215,
      "classSelector": ".icon"
    },
    "historySize": 100,
    "showCodes": true,
    "gridSize": 16
  }
}